1,1008,20-1008-7-1-0002,Cycling Boxer sewn upholstery Woman /S,black,Polyamid 85% Polyester 15%,NOS, €  9.95 ,29.95 €,1, €  9.95 
2,1008,20-1008-7-2-0002,Cycling Boxer sewn upholstery Woman /M,black,Polyamid 85% Polyester 15%,NOS, €  9.95 ,29.95 €,0, €  -   
3,1008,20-1008-7-3-0002,Cycling Boxer sewn upholstery Woman /L,black,Polyamid 85% Polyester 15%,NOS, €  9.95 ,29.95 €,1, €  9.95 
4,1008,20-1008-8-1-0002,Cycling Boxer sewn upholstery Man /M,black,Polyamid 85% Polyester 15%,NOS, €  9.95 ,29.95 €,0, €  -   
5,1008,20-1008-8-2-0002,Cycling Boxer sewn upholstery Man /L,black,Polyamid 85% Polyester 15%,NOS, €  9.95 ,29.95 €,0, €  -   
6,1008,20-1008-8-3-0002,Cycling Boxer sewn upholstery Man /XL,black,Polyamid 85% Polyester 15%,NOS, €  9.95 ,29.95 €,0, €  -   
7,6023,39-6023-0-1-0002,Mittens (Flap) Gloves /XS,black,Polyester 100%,A/W, €  4.55 ,14.95 €,1, €  4.55 
8,6023,39-6023-0-2-0002,Mittens (Flap) Gloves /S,black,Polyester 100%,A/W, €  4.55 ,14.95 €,1, €  4.55 
9,6023,39-6023-0-4-0002,Mittens (Flap) Gloves /L,black,Polyester 100%,A/W, €  4.55 ,14.95 €,1, €  4.55 
10,6023,39-6023-0-5-0002,Mittens (Flap) Gloves /XL,black,Polyester 100%,A/W, €  4.55 ,14.95 €,1, €  4.55 
11,1800,12-1800-7-2-0002,Organic Bamboo T-Shirt Woman /M,black,Bamboo 81% Polyamide 15% Elastane 4%,NOS, €  12.95 ,39.95 €,1, €  12.95 
12,1800,12-1800-7-3-0002,Organic Bamboo T-Shirt Woman /L,black,Bamboo 81% Polyamide 15% Elastane 4%,NOS, €  12.95 ,39.95 €,1, €  12.95 
13,1802,13-1802-7-2-0002,Organic Bamboo Tanktop Woman /M,black,Bamboo 81% Polyamide 15% Elastane 4%,NOS, €  10.95 ,34.95 €,1, €  10.95 
14,1802,13-1802-7-3-0002,Organic Bamboo Tanktop Woman /L,black,Bamboo 81% Polyamide 15% Elastane 4%,NOS, €  10.95 ,34.95 €,1, €  10.95 
15,1800,12-1800-8-3-0002,Organic Bamboo T-Shirt Man /XL,black,Bamboo 81% Polyamide 15% Elastane 4%,NOS, €  12.95 ,39.95 €,1, €  12.95 
16,1072,13-1072-7-1-0229,Megalight 140 Singlet Berry Woman /S,pink/orange,Polyamide 94% Elastane 6%,NOS, €  12.70 ,39.95 €,1, €  12.70 
17,1072,13-1072-7-2-0229,Megalight 140 Singlet Berry Woman /M,pink/orange,Polyamide 94% Elastane 6%,NOS, €  12.70 ,39.95 €,2, €  25.40 
18,1072,13-1072-7-3-0229,Megalight 140 Singlet Berry Woman /L,pink/orange,Polyamide 94% Elastane 6%,NOS, €  12.70 ,39.95 €,1, €  12.70 
19,1073,14-1073-7-1-0227,Megalight 140 Longtight Berry Woman /S,black/pink,Polyamide 78% Polyester 22%,A/W, €  9.77 ,34.95 €,1, €  9.77 
20,1073,14-1073-7-2-0227,Megalight 140 Longtight Berry Woman /M,black/pink,Polyamide 78% Polyester 22%,A/W, €  9.77 ,34.95 €,2, €  19.54 
21,1073,14-1073-7-3-0227,Megalight 140 Longtight Berry Woman /L,black/pink,Polyamide 78% Polyester 22%,A/W, €  9.77 ,34.95 €,1, €  9.77 
22,1079,12-1079-7-2-0227,Megalight 140 T-Shirt Berry Woman /M,black/pink,Polyamide 78% Polyester 22%,NOS, €  9.77 ,34.95 €,1, €  9.77 
23,1079,12-1079-7-3-0227,Megalight 140 T-Shirt Berry Woman /L,black/pink,Polyamide 78% Polyester 22%,NOS, €  9.77 ,34.95 €,1, €  9.77 
24,1070,15-1070-7-2-0227,Megalight 140 Longshirt Berry Woman /M,black/pink,Polyamide 78% Polyester 22%,A/W, €  11.52 ,39.95 €,1, €  11.52 
25,1070,15-1070-7-3-0227,Megalight 140 Longshirt Berry Woman /L,black/pink,Polyamide 78% Polyester 22%,A/W, €  11.52 ,39.95 €,1, €  11.52 
26,1076,19-1076-8-1-0002,Megalight 140 1/2 Short Man /M,black,Polyamide 72% Polyester 21% Elastane 7%,NOS, €  8.37 ,29.95 €,1, €  8.37 
27,1076,19-1076-8-2-0002,Megalight 140 1/2 Short Man /L,black,Polyamide 72% Polyester 21% Elastane 7%,NOS, €  8.37 ,29.95 €,2, €  16.74 
28,1076,19-1076-8-3-0002,Megalight 140 1/2 Short Man /XL,black,Polyamide 72% Polyester 21% Elastane 7%,NOS, €  8.37 ,29.95 €,1, €  8.37 
29,1070,15-1070-8-2-0017,Megalight 140 Longshirt Lime Man /L,black/green,Polyamide 78% Polyester 22%,A/W, €  11.52 ,39.95 €,1, €  11.52 
30,1070,15-1070-8-3-0017,Megalight 140 Longshirt Lime Man /XL,black/green,Polyamide 78% Polyester 22%,A/W, €  11.52 ,39.95 €,1, €  11.52 
31,1079,12-1079-8-2-0017,Megalight 140 T-Shirt Lime Man /L,black/green,Polyamide 78% Polyester 22%,NOS, €  9.77 ,34.95 €,1, €  9.77 
32,1079,12-1079-8-3-0017,Megalight 140 T-Shirt Lime Man /XL,black/green,Polyamide 78% Polyester 22%,NOS, €  9.77 ,34.95 €,1, €  9.77 
33,1060,15-1060-7-1-0002,Megalight 140 Longshirt Woman /S,black,Polyamide 78% Polyester 22%,NOS, €  11.52 ,39.95 €,1, €  11.52 
34,1060,15-1060-7-2-0002,Megalight 140 Longshirt Woman /M,black,Polyamide 78% Polyester 22%,NOS, €  11.52 ,39.95 €,1, €  11.52 
35,1060,15-1060-7-3-0002,Megalight 140 Longshirt Woman /L,black,Polyamide 78% Polyester 22%,NOS, €  11.52 ,39.95 €,1, €  11.52 
36,1060,15-1060-7-4-0002,Megalight 140 Longshirt Woman /XL,black,Polyamide 78% Polyester 22%,NOS, €  11.52 ,39.95 €,1, €  11.52 
37,1061,13-1061-7-1-0002,Megalight 140 Tanktop Woman /S,black,Polyamide 78% Polyester 22%,NOS, €  8.37 ,29.95 €,1, €  8.37 
38,1061,13-1061-7-2-0002,Megalight 140 Tanktop Woman /M,black,Polyamide 78% Polyester 22%,NOS, €  8.37 ,29.95 €,1, €  8.37 
39,1061,13-1061-7-3-0002,Megalight 140 Tanktop Woman /L,black,Polyamide 78% Polyester 22%,NOS, €  8.37 ,29.95 €,1, €  8.37 
40,1061,13-1061-7-4-0002,Megalight 140 Tanktop Woman /XL,black,Polyamide 78% Polyester 22%,NOS, €  8.37 ,29.95 €,1, €  8.37 
41,1059,12-1059-8-1-0002,Megalight 140 T-Shirt Man /M,black,Polyamide 78% Polyester 22%,NOS, €  9.77 ,34.95 €,1, €  9.77 
42,1059,12-1059-8-2-0002,Megalight 140 T-Shirt Man /L,black,Polyamide 78% Polyester 22%,NOS, €  9.77 ,34.95 €,1, €  9.77 
43,1059,12-1059-8-3-0002,Megalight 140 T-Shirt Man /XL,black,Polyamide 78% Polyester 22%,NOS, €  9.77 ,34.95 €,2, €  19.54 
44,1053,14-1053-8-1-0002,Megalight 140 Longtight Man /M,black,Polyamide 78% Polyester 22%,NOS, €  9.77 ,34.95 €,1, €  9.77 
45,1053,14-1053-8-2-0002,Megalight 140 Longtight Man /L,black,Polyamide 78% Polyester 22%,NOS, €  9.77 ,34.95 €,2, €  19.54 
46,1053,14-1053-8-3-0002,Megalight 140 Longtight Man /XL,black,Polyamide 78% Polyester 22%,NOS, €  9.77 ,34.95 €,1, €  9.77 
47,1054,16-1054-8-1-0002,Megalight 140 3/4 Tight Man /M,black,Polyamide 78% Polyester 22%,NOS, €  8.37 ,29.95 €,1, €  8.37 
48,1054,16-1054-8-2-0002,Megalight 140 3/4 Tight Man /L,black,Polyamide 78% Polyester 22%,NOS, €  8.37 ,29.95 €,2, €  16.74 
49,1054,16-1054-8-3-0002,Megalight 140 3/4 Tight Man /XL,black,Polyamide 78% Polyester 22%,NOS, €  8.37 ,29.95 €,1, €  8.37 
50,1056,11-1056-8-1-0002,Megalight 140 Boxer Man /M,black,Polyamide 78% Polyester 22%,NOS, €  5.25 ,17.95 €,1, €  5.25 
51,1056,11-1056-8-2-0002,Megalight 140 Boxer Man /L,black,Polyamide 78% Polyester 22%,NOS, €  5.25 ,17.95 €,2, €  10.50 
52,1056,11-1056-8-3-0002,Megalight 140 Boxer Man /XL,black,Polyamide 78% Polyester 22%,NOS, €  5.25 ,17.95 €,2, €  10.50 
53,1000,12-1000-9-1-0002,KIDS Megalight 140 T-Shirt Unisex /104-116,black ,Polyamide 78% Polyester 22%,NOS, €  3.30 ,9.95 €,1, €  3.30 
54,1000,12-1000-9-2-0002,KIDS Megalight 140 T-Shirt Unisex /128-140,black ,Polyamide 78% Polyester 22%,NOS, €  3.30 ,9.95 €,2, €  6.60 
55,1000,12-1000-9-3-0002,KIDS Megalight 140 T-Shirt Unisex /152-164,black ,Polyamide 78% Polyester 22%,NOS, €  3.30 ,9.95 €,1, €  3.30 
56,1007,11-1007-9-1-0002,KIDS Megalight 140 Boxer Unisex /104-116,black ,Polyamide 78% Polyester 22%,NOS, €  1.39 ,4.95 €,1, €  1.39 
57,1007,11-1007-9-2-0002,KIDS Megalight 140 Boxer Unisex /128-140,black ,Polyamide 78% Polyester 22%,NOS, €  1.39 ,4.95 €,2, €  2.78 
58,1007,11-1007-9-3-0002,KIDS Megalight 140 Boxer Unisex /152-164,black ,Polyamide 78% Polyester 22%,NOS, €  1.39 ,4.95 €,1, €  1.39 
59,1250,12-1250-8-2-0002,Megalight 200 T-Shirt Man /L,black,Polyamide 88% Polyester 12%,NOS, €  12.57 ,39.95 €,1, €  12.57 
60,1250,12-1250-8-3-0002,Megalight 200 T-Shirt Man /XL,black,Polyamide 88% Polyester 12%,NOS, €  12.57 ,39.95 €,1, €  12.57 
61,1251,15-1251-8-2-0002,Megalight 200 Longshirt Man /L,black,Polyamide 88% Polyester 12%,NOS, €  13.97 ,49.95 €,1, €  13.97 
62,1251,15-1251-8-3-0002,Megalight 200 Longshirt Man /XL,black,Polyamide 88% Polyester 12%,NOS, €  13.97 ,49.95 €,1, €  13.97 
63,1253,14-1253-8-1-0002,Megalight 200 Longtight Man /M,black,Polyamide 88% Polyester 12%,NOS, €  11.17 ,39.95 €,1, €  11.17 
64,1253,14-1253-8-2-0002,Megalight 200 Longtight Man /L,black,Polyamide 88% Polyester 12%,NOS, €  11.17 ,39.95 €,2, €  22.34 
65,1253,14-1253-8-3-0002,Megalight 200 Longtight Man /XL,black,Polyamide 88% Polyester 12%,NOS, €  11.17 ,39.95 €,1, €  11.17 
66,1417,12-1417-8-2-0002,Merino T-Shirt Man /L,black,Wool 76% Polypropylene 12% Polyamide 10% Elastane 2%,A/W , €  18.65 ,59.95 €,0, €  -   
67,2201,15-2201-7-1-0002,Merino TEC 240 Longshirt Zipper Woman /S,black,,A/W, €  26.50 ,89.95 €,0, €  -   
68,2201,15-2201-7-2-0002,Merino TEC 240 Longshirt Zipper Woman /M,black,,A/W, €  26.50 ,89.95 €,0, €  -   
69,2201,15-2201-7-3-0002,Merino TEC 240 Longshirt Zipper Woman /L,black,,A/W, €  26.50 ,89.95 €,0, €  -   
70,2202,14-2202-8-1-0002,Merino TEC 240 Longtight Man /M,black,,A/W, €  19.77 ,64.95 €,1, €  19.77 
71,2202,14-2202-8-2-0002,Merino TEC 240 Longtight Man /L,black,,A/W, €  19.77 ,64.95 €,1, €  19.77 
72,2202,14-2202-8-3-0002,Merino TEC 240 Longtight Man /XL,black,,A/W, €  19.77 ,64.95 €,2, €  39.54 
73,4810,28-4810-0-2-0001,Sporting Allround 300 /39-42,white,Polyester 54% Polyester Coolmax 30% Polyamide 14% Elastane 2%,NOS, €  3.01 ,7.95 €,1, €  3.01 
74,4810,28-4810-0-4-0001,Sporting Allround 300 /47-49,white,Polyester 54% Polyester Coolmax 30% Polyamide 14% Elastane 2%,NOS, €  3.01 ,7.95 €,1, €  3.01 
75,4622,23-4622-0-1-0193,Trekking A 100 /35-38,black/orange,Polyamide 47% Polypropylene 26% Polyamide Microlon 25% Elastane 2%,NOS, €  4.12 ,13.95 €,1, €  4.12 
76,4622,23-4622-0-2-0193,Trekking A 100 /39-42,black/orange,Polyamide 47% Polypropylene 26% Polyamide Microlon 25% Elastane 2%,NOS, €  4.12 ,13.95 €,1, €  4.12 
77,4622,23-4622-0-3-0198,Trekking A 100 /43-46,bronzato/grey,Polyamide 47% Polypropylene 26% Polyamide Microlon 25% Elastane 2%,NOS, €  4.12 ,13.95 €,1, €  4.12 
78,4622,23-4622-0-4-0198,Trekking A 100 /47-49,bronzato/grey,Polyamide 47% Polypropylene 26% Polyamide Microlon 25% Elastane 2%,NOS, €  4.12 ,13.95 €,1, €  4.12 
79,4010,21-4010-7-1-0184,Running Short Woman /35-38,black/light grey,Polyamide 65% Polyamide Microlon 20% Polyproyplene 13% Elastane 2%,NOS, €  2.77 ,9.95 €,2, €  5.54 
80,4010,21-4010-7-2-0184,Running Short Woman /39-42,black/light grey,Polyamide 65% Polyamide Microlon 20% Polyproyplene 13% Elastane 2%,NOS, €  2.77 ,9.95 €,2, €  5.54 
81,4012,21-4012-8-2-0184,Running High Man /39-42,black/light grey,Polyamide 65% Polyamide Microlon 23% Polyproplene 10% Elastane 2%,NOS, €  3.92 ,13.95 €,1, €  3.92 
82,4012,21-4012-8-3-0184,Running High Man /43-46,black/light grey,Polyamide 65% Polyamide Microlon 23% Polyproplene 10% Elastane 2%,NOS, €  3.92 ,13.95 €,1, €  3.92 
83,4012,21-4012-8-4-0184,Running High Man /47-49,black/light grey,Polyamide 65% Polyamide Microlon 23% Polyproplene 10% Elastane 2%,NOS, €  3.92 ,13.95 €,1, €  3.92 
84,4020,21-4020-7-1-0233,Running Mid Woman /35-38,neon orange/pink,Polypropylene 56% Polyamide 41% Elastane 3%,NOS, €  3.33 ,11.95 €,0, €  -   
85,4020,21-4020-7-2-0233,Running Mid Woman /39-42,neon orange/pink,Polypropylene 56% Polyamide 41% Elastane 3%,NOS, €  3.33 ,11.95 €,1, €  3.33 
86,4020,21-4020-8-2-0232,Running Mid Man /39-42,neon green/yellow,Polypropylene 56% Polyamide 41% Elastane 3%,NOS, €  3.33 ,11.95 €,1, €  3.33 
87,4020,21-4020-8-3-0232,Running Mid Man /43-46,neon green/yellow,Polypropylene 56% Polyamide 41% Elastane 3%,NOS, €  3.33 ,11.95 €,0, €  -   
88,2110,12-2110-7-3-0002,Ultralight 70 T-Shirt Woman /L,deep black,Polypropylene 76% Polyamide 22% Carbon 2%,S/S, €  11.87 ,39.95 €,1, €  11.87 
89,2110,12-2110-7-2-0002,Ultralight 70 T-Shirt Woman /M,deep black,Polypropylene 76% Polyamide 22% Carbon 2%,S/S, €  11.87 ,39.95 €,2, €  23.74 
90,2110,12-2110-7-1-0002,Ultralight 70 T-Shirt Woman /S,deep black,Polypropylene 76% Polyamide 22% Carbon 2%,S/S, €  11.87 ,39.95 €,1, €  11.87 
91,2112,13-2112-8-2-0002,Ultralight 70 Tanktop Man /L,deep black,Polypropylene 76% Polyamide 22% Carbon 2%,S/S, €  9.77 ,34.95 €,1, €  9.77 
92,2112,13-2112-8-3-0002,Ultralight 70 Tanktop Man /XL,deep black,Polypropylene 76% Polyamide 22% Carbon 2%,S/S, €  9.77 ,34.95 €,1, €  9.77 
93,2111,11-2111-7-3-0002,Ultralight 70 Panty Woman /L,deep black,Polypropylene 74% Polyamide 21% Elastane 3% Carbon 2%,S/S, €  5.92 ,19.95 €,1, €  5.92 
94,2110,12-2110-8-3-0002,Ultralight 70 T-Shirt Man /XL,deep black,Polypropylene 76% Polyamide 22% Carbon 2%,S/S, €  11.87 ,39.95 €,1, €  11.87 
95,4711,27-4711-7-2-0202,Skiing NT P 100 Woman /39-42,mid grey/light grey,Polyamide 33% Wool 30% Polyacryl 30% Polyamide Cordura 5% Elastane 2%,A/W, €  6.50 ,19.95 €,1, €  6.50 
96,4711,27-4711-8-4-0202,Skiing NT P 100 Man /47-49,mid grey/light grey,Polyamide 33% Wool 30% Polyacryl 30% Polyamide Cordura 5% Elastane 2%,A/W, €  6.50 ,19.95 €,1, €  6.50 
97,4724,27-4724-0-2-0071,Skiing Lite /39-42,yellow,THERMOLITE 70% Polyamide 13% Cotton 15% Elastane 2%,A/W, €  3.30 ,9.95 €,1, €  3.30 
98,4724,27-4724-0-3-0071,Skiing Lite /43-46,yellow,THERMOLITE 70% Polyamide 13% Cotton 15% Elastane 2%,A/W, €  3.30 ,9.95 €,1, €  3.30 
