1,Bike,110,HA110-0477,HAD Original /one size,Bear - BM,100%Polyester,5,S/S,6.65 €,4.87 €,14.95 €,0, €  -   ,,
2,Junior,110,HA110-0475,HAD Original /one size,Badaboom - Junior - JM,100%Polyester,6,S/S,6.65 €,4.87 €,14.95 €,0, €  -   ,,
3,Outdoor,110,HA110-0470,HAD Original /one size,Mountain's Calling - OM,100%Polyester,6,S/S,6.65 €,4.87 €,14.95 €,0, €  -   ,,
4,Urban,110,HA110-0472,HAD Original /one size,Howdy - UM,100%Polyester,6,S/S,6.65 €,4.87 €,14.95 €,0, €  -   ,,
5,Artist Design,110,HA110-0219,HAD Original / one size,Japo,100%Polyester,7,NOS,6.65 €,4.87 €,14.95 €,8, €  38.96 ,,
6,Artist Design,110,HA110-0220,HAD Original / one size,ML-Barrel King,100%Polyester,7,NOS,6.65 €,4.87 €,14.95 €,8, €  38.96 ,,
7,Artist Design,110,HA110-0252,HAD Original / one size,Patrick Seabase ,100%Polyester,7,NOS,6.65 €,4.87 €,14.95 €,8, €  38.96 ,,
8,Solid Colours,100,HA100-0001,HAD Solid colours / one size,White,100%Polyester,9,NOS,6.65 €,4.87 €,14.95 €,8, €  38.96 ,,
9,Solid Colours,100,HA100-0004,HAD Solid colours / one size,Grass,100%Polyester,9,NOS,6.65 €,4.87 €,14.95 €,8, €  38.96 ,,
10,Solid Colours,100,HA100-0015,HAD Solid colours / one size,Berry ,100%Polyester,9,NOS,6.65 €,4.87 €,14.95 €,8, €  38.96 ,,
11,Solid Colours,100,HA100-0018,HAD Solid colours / one size,Grey,100%Polyester,9,NOS,6.65 €,4.87 €,14.95 €,8, €  38.96 ,,
12,Urban,110,HA110-0415,HAD Original / one size,Twister ,100%Polyester,11,NOS,6.65 €,4.87 €,14.95 €,8, €  38.96 ,,
13,Urban,110,HA110-0436,HAD Original / one size,Water Colour Pink ,100%Polyester,13,NOS,6.65 €,4.87 €,14.95 €,8, €  38.96 ,,
14,Urban,110,HA110-0419,HAD Original / one size,Mali ,100%Polyester,13,NOS,6.65 €,4.87 €,14.95 €,8, €  38.96 ,,
15,Urban,110,HA110-0425,HAD Original / one size,Nebula,100%Polyester,13,NOS,6.65 €,4.87 €,14.95 €,8, €  38.96 ,,
16,Urban,110,HA110-0438,HAD Original / one size,Water Colour Black ,100%Polyester,13,NOS,6.65 €,4.87 €,14.95 €,8, €  38.96 ,,
17,Urban,110,HA110-0346,HAD Original / one size,Lost blue,100%Polyester,14,NOS,6.65 €,4.87 €,14.95 €,8, €  38.96 ,,
18,Urban,110,HA110-0349,HAD Original / one size,Smoke,100%Polyester,14,NOS,6.65 €,4.87 €,14.95 €,8, €  38.96 ,,
19,Urban,110,HA110-0413,HAD Original / one size,Dragon Pink,100%Polyester,14,NOS,6.65 €,4.87 €,14.95 €,8, €  38.96 ,,
20,Urban,110,HA110-0143,HAD Original / one size,Mosaik Atari Black,100%Polyester,15,NOS,6.65 €,4.87 €,14.95 €,8, €  38.96 ,,
21,Urban,110,HA110-0133,HAD Original / one size,Lines Longway Lilac,100%Polyester,16,NOS,6.65 €,4.87 €,14.95 €,8, €  38.96 ,,
22,Urban,110,HA110-0158,HAD Original / one size,Urban Camouflage,100%Polyester,16,NOS,6.65 €,4.87 €,14.95 €,8, €  38.96 ,,
23,Urban,110,HA110-0169,HAD Original / one size,Woodcut Blanc ,100%Polyester,16,NOS,6.65 €,4.87 €,14.95 €,8, €  38.96 ,,
24,Urban,110,HA110-0154,HAD Original / one size,Crazy Flowers Berry,100%Polyester,17,NOS,6.65 €,4.87 €,14.95 €,8, €  38.96 ,,
25,Urban,110,HA110-0162,HAD Original / one size,Fox Flower Black,100%Polyester,17,NOS,6.65 €,4.87 €,14.95 €,8, €  38.96 ,,
26,Urban,110,HA110-0234,HAD Original / one size,Comb Black,100%Polyester,17,NOS,6.65 €,4.87 €,14.95 €,8, €  38.96 ,,
27,Urban,110,HA110-0155,HAD Original / one size,Crazy Flowers Cloud,100%Polyester,17,NOS,6.65 €,4.87 €,14.95 €,8, €  38.96 ,,
28,Outdoor,110,HA110-0264,HAD Original / one size,Moto Tears Black,100%Polyester,18,NOS,6.65 €,4.87 €,14.95 €,8, €  38.96 ,,
29,Outdoor,110,HA110-0258,HAD Original / one size,Identity Black,100%Polyester,18,NOS,6.65 €,4.87 €,14.95 €,8, €  38.96 ,,
30,Outdoor,110,HA110-0242,HAD Original / one size,Chinese Dragon Blue,100%Polyester,19,NOS,6.65 €,4.87 €,14.95 €,8, €  38.96 ,,
31,Outdoor,110,HA110-0317,HAD Original / one size,Moto Tears Red,100%Polyester,19,NOS,6.65 €,4.87 €,14.95 €,8, €  38.96 ,,
32,Bike,110,HA110-0385,HAD Original / one size,Rusties,100%Polyester,22,NOS,6.65 €,4.87 €,14.95 €,8, €  38.96 ,,
33,Bike,110,HA110-0387,HAD Original / one size,Chains ,100%Polyester,22,NOS,6.65 €,4.87 €,14.95 €,8, €  38.96 ,,
34,Bike,110,HA110-0171,HAD Original / one size,Pirate,100%Polyester,23,NOS,6.65 €,4.87 €,14.95 €,8, €  38.96 ,,
35,Bike,110,HA110-0362,HAD Original / one size,The Mexican,100%Polyester,23,NOS,6.65 €,4.87 €,14.95 €,8, €  38.96 ,,
36,Bike,110,HA110-0388,HAD Original / one size,Pinions ,100%Polyester,23,NOS,6.65 €,4.87 €,14.95 €,8, €  38.96 ,,
37,Outdoor,110,HA110-0400,HAD Original / one size,Nimmaland ,100%Polyester,26,NOS,6.65 €,4.87 €,14.95 €,8, €  38.96 ,,
38,Outdoor,110,HA110-0410,HAD Original / one size,Nautilus ,100%Polyester,26,NOS,6.65 €,4.87 €,14.95 €,8, €  38.96 ,,
39,Outdoor,110,HA110-0406,HAD Original / one size,Arborg ,100%Polyester,27,NOS,6.65 €,4.87 €,14.95 €,8, €  38.96 ,,
40,Outdoor,110,HA110-0407,HAD Original / one size,Buds ,100%Polyester,27,NOS,6.65 €,4.87 €,14.95 €,8, €  38.96 ,,
41,Outdoor,110,HA110-0271 ,HAD Original / one size,Heidi,100%Polyester,28,NOS,6.65 €,4.87 €,14.95 €,8, €  38.96 ,,
42,Outdoor,110,HA110-0275,HAD Original / one size,Sepp,100%Polyester,28,NOS,6.65 €,4.87 €,14.95 €,8, €  38.96 ,,
43,Outdoor,110,HA110-0135,HAD Original / one size,Single Karo Mint,100%Polyester,29,NOS,6.65 €,4.87 €,14.95 €,8, €  38.96 ,,
44,HAD Coolmax,450,HA450-0002,HAD Coolmax /one size,Black Eyes Reflective- BM ,100% Coolmax,32,S/S,6.95 €,5.05 €,15.95 €,0, €  -   ,,
45,HAD Coolmax,450,HA450-0465,HAD Coolmax /one size,Falcon Eye - BM,100% Coolmax,32,S/S,6.95 €,5.05 €,15.95 €,0, €  -   ,,
46,HAD Coolmax,450,HA450-0466,HAD Coolmax /one size,Tricolo - BM,100% Coolmax,32,S/S,6.95 €,5.05 €,15.95 €,0, €  -   ,,
47,HAD Acc,651,HA651-0002,HAD Hadband /one size,Coolmax Black Eyes Reflective,100% Polyester,33,S/S,4.45 €,3.25 €,9.95 €,0, €  -   ,,
48,HAD Acc,651,HA651-0463,HAD Hadband /one size,Coolmax Sunset ,100% Polyester,33,S/S,4.45 €,3.25 €,9.95 €,0, €  -   ,,
49,HAD Acc,651,HA651-0464,HAD Hadband /one size,Coolmax Temple ,100% Polyester,33,S/S,4.45 €,3.25 €,9.95 €,0, €  -   ,,
50,HAD Wool,460,HA460-0002,HAD Merino / one size,Black,100%Merino,34,NOS,8.85 €,8.37 €,19.95 €,0, €  -   ,,
51,HAD Wool,460,HA460-0444,HAD Merino / one size,Woodcut Sky,100%Merino,34,NOS,8.85 €,8.37 €,19.95 €,0, €  -   ,,
52,HAD Wool,460,HA460-0442,HAD Merino / one size,India Paisley black ,100%Merino,34,NOS,8.85 €,8.37 €,19.95 €,8, €  66.96 ,,
53,HAD Wool,660,HA660-0377,HAD Primaloft / one size,Mt. Everest,100% Primaloft,35,NOS,7.55 €,6.30 €,16.95 €,8, €  50.40 ,,
54,HAD Wool,660,HA660-0452,HAD Primaloft / one size,Gulf Stream ,100% Primaloft,35,NOS,7.55 €,6.30 €,16.95 €,8, €  50.40 ,,
55,HAD Acc,640,HA640-0122,HAD Triangle /one size,Kaleidoscope Layers,100% Polyester,37,NOS,6.65 €,4.17 €,14.95 €,8, €  33.36 ,,
56,HAD Acc,630,HA630-0252,HAD Beanie /one size,Seabase ,100% Polyester,38,NOS,4.45 €,3.30 €,9.95 €,0, €  -   ,,
57,HAD Masks,610,HA610-0002,HAD Hadmask / one size,Black Eyes,100% Polyester,39,NOS,11.95 €,8.37 €,23.95 €,8, €  66.96 ,,
58,Fleece,210,HA210-0347,HAD Original Fleece / one size,Fading Pink - Fleece: Lightblue,100%Polyester,43,A/W,10.95 €,7.67 €,23.95 €,8, €  61.36 ,,
59,Fleece,210,HA210-0432,HAD Original Fleece / one size,Peer - Fleece: Camel,100%Polyester,43,A/W,10.95 €,7.67 €,23.95 €,8, €  61.36 ,,
60,Fleece,210,HA210-0416,HAD Original Fleece / one size,Babylon - Fleece: Black,100%Polyester,44,A/W,10.95 €,7.67 €,23.95 €,8, €  61.36 ,,
61,Fleece,210,HA210-0418,HAD Original Fleece / one size,Marvin - Fleece: Black ,100%Polyester,44,A/W,10.95 €,7.67 €,23.95 €,8, €  61.36 ,,
62,Fleece,210,HA210-0411,HAD Original Fleece / one size,Chico - Fleece: Camel,100%Polyester,44,A/W,10.95 €,7.67 €,23.95 €,8, €  61.36 ,,
63,Fleece,210,HA210-0405,HAD Original Fleece / one size,Arabesk - Fleece: Camel,100%Polyester,45,A/W,10.95 €,7.67 €,23.95 €,8, €  61.36 ,,
64,Solid Fleece,210,HA200-0029,HAD Solid Fleece / one size,Neon Green - Fleece: Black ,100%Polyester,45,A/W,10.95 €,7.67 €,23.95 €,8, €  61.36 ,,
65,Fleece,210,HA210-0125,HAD Original Fleece / one size,Dot Grass - Fleece: Black,100%Polyester,46,A/W,10.95 €,7.67 €,23.95 €,8, €  61.36 ,,
66,Fleece,210,HA210-0147,HAD Original Fleece / one size,RB Confetti Mint - Fleece: Black,100%Polyester,46,A/W,10.95 €,7.67 €,23.95 €,8, €  61.36 ,,
67,Solid Fleece,200,HA200-0002,HAD Solid Fleece / one size,Black Eyes - Fleece: Black,100%Polyester,46,A/W,10.95 €,7.67 €,23.95 €,8, €  61.36 ,,
68,Solid Fleece,200,HA200-0006,HAD Solid Fleece / one size,Sky - Fleece: Black,100%Polyester,46,A/W,10.95 €,7.67 €,23.95 €,8, €  61.36 ,,
69,Solid Fleece,200,HA200-0020,HAD Solid Fleece / one size,Red - Fleece: Black,100%Polyester,46,A/W,10.95 €,7.67 €,23.95 €,8, €  61.36 ,,
70,HAD Neckwarmer,620,HA620-0233,HAD Neckwarmer Fleece / one size,Skal Deer Black - Fleece: Black,100% Polyester,48,A/W,7.55 €,5.22 €,16.95 €,0, €  -   ,,
71,HAD Neckwarmer,620,HA620-0436,HAD Neckwarmer Fleece / one size,Water Colour Pink - Fleece: Fluffy Black,100% Polyester,48,A/W,7.55 €,5.22 €,16.95 €,0, €  -   ,,
72,HAD Reflective,410,HA410-0489,HAD Reflectives /one size,Go Hard Reflective - JM,100%Polyester,51,S/S,7.55 €,5.22 €,16.95 €,0, €  -   ,,
73,Junior Fleece,210,HA210-0368,HAD Junior Fleece / one size,Drift - Fleece: Red ,100%Polyester,54,A/W,10.95 €,7.67 €,23.95 €,8, €  61.36 ,,
74,Kids,120,HA120-0371,HAD Kids / one size,Bugz Blue,100%Polyester,56,NOS,6.65 €,4.87 €,14.95 €,8, €  38.96 ,,
75,Kids,120,HA120-0392,HAD Kids / one size,Träcker ,100%Polyester,56,NOS,6.65 €,4.87 €,14.95 €,8, €  38.96 ,,
76,Kids,120,HA120-0202,HAD Kids / one size,Giraffe ,100%Polyester,57,NOS,6.65 €,4.87 €,14.95 €,8, €  38.96 ,,
77,HAD Neckwarmer,621,HA621-0328,HAD Neckwarmer Fleece Kids / one size,Eskimo - Fleece: Darkblue,100% Polyester,58,A/W,7.55 €,5.22 €,16.95 €,0, €  -   ,,
78,Kids Fleece,220,HA220-0298,HAD Kids Fleece / one size,Stripe Beige Blue - Fleece: Grey,100%Polyester,61,A/W,9.95 €,7.67 €,21.95 €,8, €  61.36 ,,